{
	"name": "afk-ready-check",
	"title": "AFK Ready Check",
	"description": "an afk status indicator and GM-powered ready check",
	"version": "1.0.1",
	"author": "exodu",
	"esmodules": ["./scripts/arc.js"],
	"socket": true,
	"styles": ["./styles/arc.css"],
	"minimumCoreVersion": "0.7.7",
	"compatibleCoreVersion": "0.7.9",
	"license": "LICENSE",
	"url": "https://github.com/jeremiahverba/afk-ready-check",
	"manifest": "https://raw.githubusercontent.com/jeremiahverba/afk-ready-check/master/src/module.json",
	"download": "https://raw.githubusercontent.com/jeremiahverba/afk-ready-check/v1.0.1/package/afk-ready-check-v1.0.1.zip"
}